P_NO	NUMBER(10,0)	No		1	이모티콘번호
P_NAME	VARCHAR2(100 BYTE)	No		2	이모티콘이름
P_PRICE	NUMBER(10,0)	Yes	"0		 "	3	이모티콘가격
P_DESC	VARCHAR2(255 BYTE)	Yes		4	이모티콘설명
P_EMOSTYLENO	NUMBER(10,0)	Yes		5	이모티콘그룹넘버

member_m_NO_SEQ.NEXTVAL

INSERT INTO P_EMO (P_NO,P_NAME,P_PRICE,P_DESC,P_EMOSTYLENO,P_CLICK) VALUES (P_EMO_P_NO_SEQ.NEXTVAL, '피피는 작고소듕해',2200,'존나귀여움',1,182);
INSERT INTO P_EMO (P_NO,P_NAME,P_PRICE,P_DESC,P_EMOSTYLENO,P_CLICK) VALUES (P_EMO_P_NO_SEQ.NEXTVAL, '리액션 브라더스',2200,'존나재밌음',2.899);
INSERT INTO P_EMO (P_NO,P_NAME,P_PRICE,P_DESC,P_EMOSTYLENO,P_CLICK) VALUES (P_EMO_P_NO_SEQ.NEXTVAL, '감정수체화시리즈',2200,'존나감성적',3,3);
INSERT INTO P_EMO (P_NO,P_NAME,P_PRICE,P_DESC,P_EMOSTYLENO,P_CLICK) VALUES (P_EMO_P_NO_SEQ.NEXTVAL, '신묘하게 쓸데 많은 묘한이 가족',2200,'존나신묘함',4,77);
INSERT INTO P_EMO (P_NO,P_NAME,P_PRICE,P_DESC,P_EMOSTYLENO,P_CLICK) VALUES (P_EMO_P_NO_SEQ.NEXTVAL, '튜브는 힝구힝구',2200,'존나힝구함',5,987);
INSERT INTO P_EMO (P_NO,P_NAME,P_PRICE,P_DESC,P_EMOSTYLENO,P_CLICK) VALUES (P_EMO_P_NO_SEQ.NEXTVAL, '혀딻은 앙꼬는 애꾜애꾜해',2200,'존나애꾜함',6,233);
INSERT INTO P_EMO (P_NO,P_NAME,P_PRICE,P_DESC,P_EMOSTYLENO,P_CLICK) VALUES (P_EMO_P_NO_SEQ.NEXTVAL, '사랑하는 딸에게 Ver.엄마',2200,'존나사랑함',7,998789);
INSERT INTO P_EMO (P_NO,P_NAME,P_PRICE,P_DESC,P_EMOSTYLENO,P_CLICK) VALUES (P_EMO_P_NO_SEQ.NEXTVAL, '어차피 당진할 거면 백과장처럼',2200,'존나탕진함',8,777);


INSERT INTO P_EMO (P_NO,P_NAME,P_PRICE,P_DESC,P_EMOSTYLENO,P_CLICK) VALUES (P_EMO_P_NO_SEQ.NEXTVAL, '말랑몰랑 판다마우스2',2200,'마우스',1,888);
INSERT INTO P_EMO (P_NO,P_NAME,P_PRICE,P_DESC,P_EMOSTYLENO,P_CLICK) VALUES (P_EMO_P_NO_SEQ.NEXTVAL, '긍정스런대화',2200,'긍정이',2,999);
INSERT INTO P_EMO (P_NO,P_NAME,P_PRICE,P_DESC,P_EMOSTYLENO,P_CLICK) VALUES (P_EMO_P_NO_SEQ.NEXTVAL, '비오는창가에서',2200,'비가와요',3,111);
INSERT INTO P_EMO (P_NO,P_NAME,P_PRICE,P_DESC,P_EMOSTYLENO,P_CLICK) VALUES (P_EMO_P_NO_SEQ.NEXTVAL, '호호와 거난이',2200,'곰탱이',4,111);
INSERT INTO P_EMO (P_NO,P_NAME,P_PRICE,P_DESC,P_EMOSTYLENO,P_CLICK) VALUES (P_EMO_P_NO_SEQ.NEXTVAL, '칠린 에브리데이',2200,'여름',5,4448);
INSERT INTO P_EMO (P_NO,P_NAME,P_PRICE,P_DESC,P_EMOSTYLENO,P_CLICK) VALUES (P_EMO_P_NO_SEQ.NEXTVAL, '널 사랑하는 꼬양이야!',2200,'고양이',6,77);
INSERT INTO P_EMO (P_NO,P_NAME,P_PRICE,P_DESC,P_EMOSTYLENO,P_CLICK) VALUES (P_EMO_P_NO_SEQ.NEXTVAL, '격한 우리42',2200,'커플',7,80);
INSERT INTO P_EMO (P_NO,P_NAME,P_PRICE,P_DESC,P_EMOSTYLENO,P_CLICK) VALUES (P_EMO_P_NO_SEQ.NEXTVAL, '수지의 HOLIDAY',2200,'연예인',8,78966);
commit;


INSERT INTO P_EMOSTYLE (P_EMOSTYLENO, P_EMOSTYLE) VALUES (1, '귀여운');
INSERT INTO P_EMOSTYLE (P_EMOSTYLENO, P_EMOSTYLE) VALUES (2, '재밌는');
INSERT INTO P_EMOSTYLE (P_EMOSTYLENO, P_EMOSTYLE) VALUES (3, '메세지');
INSERT INTO P_EMOSTYLE (P_EMOSTYLENO, P_EMOSTYLE) VALUES (4, '일러스트');
INSERT INTO P_EMOSTYLE (P_EMOSTYLENO, P_EMOSTYLE) VALUES (5, '카카오공식');
INSERT INTO P_EMOSTYLE (P_EMOSTYLENO, P_EMOSTYLE) VALUES (6, '동물');
INSERT INTO P_EMOSTYLE (P_EMOSTYLENO, P_EMOSTYLE) VALUES (7, '스타');
INSERT INTO P_EMOSTYLE (P_EMOSTYLENO, P_EMOSTYLE) VALUES (8, '만화');
commit;



M_NO	NUMBER(10,0)	No		1	회원번호
M_NINAME	VARCHAR2(50 BYTE)	No		2	회원닉네임
M_ID	VARCHAR2(50 BYTE)	No		3	회원아이디
M_PASS	VARCHAR2(50 BYTE)	No		4	회원비밀번호
MD_NO	NUMBER(10,0)	Yes		5	회원상세번호

1	시로쿠마	shirokuma	1111	1
2	홍진영	jin	2222	2
3	홍진영2	jin2	3333	3
4	홍진영3	jin3	4444	4
5	홍진영4	jin4	5555	5
INSERT INTO jumun (j_no, j_date, j_desc, j_price, m_no) VALUES (JUMUN_J_NO_SEQ.NEXTVAL, sysdate, '피피는 작고소듕해','2200', 2);
INSERT INTO jumun (j_no, j_date, j_desc, j_price, m_no) VALUES (JUMUN_J_NO_SEQ.NEXTVAL, sysdate, '약속취소 속치원해','2200', 3);
INSERT INTO jumun (j_no, j_date, j_desc, j_price, m_no) VALUES (JUMUN_J_NO_SEQ.NEXTVAL, sysdate, '리액션 브라더스','2200', 4);
INSERT INTO jumun (j_no, j_date, j_desc, j_price, m_no) VALUES (JUMUN_J_NO_SEQ.NEXTVAL, sysdate, '감정수체화시리즈','2200', 5);

INSERT INTO jumun (j_no, j_date, j_desc, j_price, m_no) VALUES (JUMUN_J_NO_SEQ.NEXTVAL, sysdate, '피피는 작고소듕해','2200', 2);
commit;
JD_NO	NUMBER(10,0)	No		1	주문상세번호
J_NO	NUMBER(10,0)	Yes		2	주문번호
P_NO	NUMBER(10,0)	Yes		3	상품번호
INSERT INTO jumun_detail (jd_no, j_no,p_no) VALUES (1,19,1); 
commit;









